,STA,Date,MeanTemp
78252,32907,1943-05-11,28.88888889
78253,32907,1943-05-12,25.55555556
78254,32907,1943-05-13,24.44444444
78255,32907,1943-05-14,23.88888889
78256,32907,1943-05-15,27.77777778
78257,32907,1943-05-16,26.66666667
78258,32907,1943-05-17,24.44444444
78259,32907,1943-05-18,24.44444444
78260,32907,1943-05-19,24.44444444
78261,32907,1943-05-20,24.44444444
78262,32907,1943-05-21,24.44444444
78263,32907,1943-05-22,24.44444444
78264,32907,1943-05-23,25.55555556
78265,32907,1943-05-24,27.22222222
78266,32907,1943-05-25,26.66666667
78267,32907,1943-05-26,25.55555556
78268,32907,1943-05-27,23.33333333
78269,32907,1943-05-28,25.55555556
78270,32907,1943-05-29,27.77777778
78271,32907,1943-05-30,30.0
78272,32907,1943-05-31,28.33333333
78273,32907,1943-06-01,28.33333333
78274,32907,1943-06-02,27.77777778
78275,32907,1943-06-03,27.22222222
78276,32907,1943-06-04,28.88888889
78277,32907,1943-06-05,26.66666667
78278,32907,1943-06-06,26.66666667
78279,32907,1943-06-07,27.77777778
78280,32907,1943-06-08,27.77777778
78281,32907,1943-06-09,26.66666667
78282,32907,1943-06-10,27.77777778
78283,32907,1943-06-11,30.0
78284,32907,1943-06-12,27.77777778
78285,32907,1943-06-13,26.66666667
78286,32907,1943-06-14,28.33333333
78287,32907,1943-06-15,29.44444444
78288,32907,1943-06-16,26.66666667
78289,32907,1943-06-17,27.77777778
78290,32907,1943-06-18,28.88888889
78291,32907,1943-06-19,27.77777778
78292,32907,1943-06-20,28.33333333
78293,32907,1943-06-21,28.33333333
78294,32907,1943-06-22,28.88888889
78295,32907,1943-06-23,28.88888889
78296,32907,1943-06-24,27.77777778
78297,32907,1943-06-25,28.33333333
78298,32907,1943-06-26,28.33333333
78299,32907,1943-06-27,29.44444444
78300,32907,1943-06-28,28.88888889
78301,32907,1943-06-29,28.88888889
78302,32907,1943-06-30,27.77777778
78303,32907,1943-07-01,27.77777778
78304,32907,1943-07-02,28.33333333
78305,32907,1943-07-03,27.77777778
78306,32907,1943-07-04,27.22222222
78307,32907,1943-07-05,27.77777778
78308,32907,1943-07-06,27.77777778
78309,32907,1943-07-07,27.77777778
78310,32907,1943-07-08,28.88888889
78311,32907,1943-07-09,28.88888889
78312,32907,1943-07-10,29.44444444
78313,32907,1943-07-11,31.11111111
78314,32907,1943-07-12,31.11111111
78315,32907,1943-07-13,28.88888889
78316,32907,1943-07-14,28.88888889
78317,32907,1943-07-15,27.77777778
78318,32907,1943-07-16,29.44444444
78319,32907,1943-07-17,29.44444444
78320,32907,1943-07-18,28.88888889
78321,32907,1943-07-19,25.55555556
78322,32907,1943-07-20,28.88888889
78323,32907,1943-07-21,28.88888889
78324,32907,1943-07-22,28.88888889
78325,32907,1943-07-23,30.0
78326,32907,1943-07-24,31.11111111
78327,32907,1943-07-25,30.0
78328,32907,1943-07-26,30.0
78329,32907,1943-07-27,28.88888889
78330,32907,1943-07-28,28.88888889
78331,32907,1943-07-29,28.88888889
78332,32907,1943-07-30,30.0
78333,32907,1943-07-31,28.88888889
78334,32907,1943-08-01,27.22222222
78335,32907,1943-08-02,28.88888889
78336,32907,1943-08-03,28.88888889
78337,32907,1943-08-04,27.77777778
78338,32907,1943-08-05,29.44444444
78339,32907,1943-08-06,28.33333333
78340,32907,1943-08-07,27.22222222
78341,32907,1943-08-08,27.77777778
78342,32907,1943-08-09,26.66666667
78343,32907,1943-08-10,27.77777778
78344,32907,1943-08-11,26.66666667
78345,32907,1943-08-12,28.88888889
78346,32907,1943-08-13,30.0
78347,32907,1943-08-14,26.11111111
78348,32907,1943-08-15,27.77777778
78349,32907,1943-08-16,27.77777778
78350,32907,1943-08-17,28.88888889
78351,32907,1943-08-18,28.88888889
78352,32907,1943-08-19,28.33333333
78353,32907,1943-08-20,29.44444444
78354,32907,1943-08-21,27.77777778
78355,32907,1943-08-22,27.77777778
78356,32907,1943-08-23,28.88888889
78357,32907,1943-08-24,28.88888889
78358,32907,1943-08-25,28.88888889
78359,32907,1943-08-26,26.11111111
78360,32907,1943-08-27,25.55555556
78361,32907,1943-08-28,27.77777778
78362,32907,1943-08-29,28.88888889
78363,32907,1943-08-30,28.88888889
78364,32907,1943-08-31,27.77777778
78365,32907,1943-09-01,30.0
78366,32907,1943-09-02,28.88888889
78367,32907,1943-09-03,28.88888889
78368,32907,1943-09-04,30.0
78369,32907,1943-09-05,28.88888889
78370,32907,1943-09-06,28.33333333
78371,32907,1943-09-07,26.66666667
78372,32907,1943-09-08,28.88888889
78373,32907,1943-09-09,30.55555556
78374,32907,1943-09-10,27.77777778
78375,32907,1943-09-11,23.88888889
78376,32907,1943-09-12,25.55555556
78377,32907,1943-09-13,27.22222222
78378,32907,1943-09-14,28.88888889
78379,32907,1943-09-15,30.0
78380,32907,1943-09-16,30.0
78381,32907,1943-09-17,31.11111111
78382,32907,1943-09-18,30.55555556
78383,32907,1943-09-19,31.11111111
78384,32907,1943-09-20,31.66666667
78385,32907,1943-09-21,30.0
78386,32907,1943-09-22,27.77777778
78387,32907,1943-09-23,30.0
78388,32907,1943-09-24,26.66666667
78389,32907,1943-09-25,26.66666667
78390,32907,1943-09-26,26.66666667
78391,32907,1943-09-27,23.88888889
78392,32907,1943-09-28,24.44444444
78393,32907,1943-09-29,26.11111111
78394,32907,1943-09-30,27.77777778
78395,32907,1943-10-01,28.88888889
78396,32907,1943-10-02,28.88888889
78397,32907,1943-10-03,28.88888889
78398,32907,1943-10-04,27.77777778
78399,32907,1943-10-05,26.66666667
78400,32907,1943-10-06,23.33333333
78401,32907,1943-10-07,26.66666667
78402,32907,1943-10-08,29.44444444
78403,32907,1943-10-09,28.33333333
78404,32907,1943-10-10,27.77777778
78405,32907,1943-10-11,26.11111111
78406,32907,1943-10-12,26.11111111
78407,32907,1943-10-13,26.66666667
78408,32907,1943-10-14,25.55555556
78409,32907,1943-10-15,25.55555556
78410,32907,1943-10-16,25.0
78411,32907,1943-10-17,24.44444444
78412,32907,1943-10-18,25.55555556
78413,32907,1943-10-19,27.77777778
78414,32907,1943-10-20,25.55555556
78415,32907,1943-10-21,26.66666667
78416,32907,1943-10-22,25.55555556
78417,32907,1943-10-23,26.11111111
78418,32907,1943-10-24,24.44444444
78419,32907,1943-10-25,25.55555556
78420,32907,1943-10-26,23.88888889
78421,32907,1943-10-27,23.33333333
78422,32907,1943-10-28,23.33333333
78423,32907,1943-10-29,23.33333333
78424,32907,1943-10-30,23.33333333
78425,32907,1943-10-31,23.33333333
78426,32907,1943-11-01,22.77777778
78427,32907,1943-11-02,24.44444444
78428,32907,1943-11-03,24.44444444
78429,32907,1943-11-04,24.44444444
78430,32907,1943-11-05,25.0
78431,32907,1943-11-06,24.44444444
78432,32907,1943-11-07,23.88888889
78433,32907,1943-11-08,23.88888889
78434,32907,1943-11-09,24.44444444
78435,32907,1943-11-10,23.33333333
78436,32907,1943-11-11,23.33333333
78437,32907,1943-11-12,22.22222222
78438,32907,1943-11-13,22.22222222
78439,32907,1943-11-14,22.22222222
78440,32907,1943-11-15,22.22222222
78441,32907,1943-11-16,21.66666667
78442,32907,1943-11-17,22.22222222
78443,32907,1943-11-18,22.77777778
78444,32907,1943-11-19,22.22222222
78445,32907,1943-11-20,23.88888889
78446,32907,1943-11-21,21.11111111
78447,32907,1943-11-22,23.33333333
78448,32907,1943-11-23,22.77777778
78449,32907,1943-11-24,21.66666667
78450,32907,1943-11-25,22.22222222
78451,32907,1943-11-26,20.55555556
78452,32907,1943-11-27,20.0
78453,32907,1943-11-28,22.22222222
78454,32907,1943-11-29,21.11111111
78455,32907,1943-11-30,20.55555556
78456,32907,1943-12-01,20.0
78457,32907,1943-12-02,20.55555556
78458,32907,1943-12-03,20.0
78459,32907,1943-12-04,18.88888889
78460,32907,1943-12-05,18.88888889
78461,32907,1943-12-06,17.77777778
78462,32907,1943-12-07,16.66666667
78463,32907,1943-12-08,16.66666667
78464,32907,1943-12-09,16.66666667
78465,32907,1943-12-10,16.66666667
78466,32907,1943-12-11,16.66666667
78467,32907,1943-12-12,18.33333333
78468,32907,1943-12-13,17.77777778
78469,32907,1943-12-14,18.88888889
78470,32907,1943-12-15,17.77777778
78471,32907,1943-12-16,17.77777778
78472,32907,1943-12-17,17.77777778
78473,32907,1943-12-18,18.33333333
78474,32907,1943-12-19,17.22222222
78475,32907,1943-12-20,17.77777778
78476,32907,1943-12-21,17.77777778
78477,32907,1943-12-22,17.77777778
78478,32907,1943-12-23,17.77777778
78479,32907,1943-12-24,18.88888889
78480,32907,1943-12-25,18.88888889
78481,32907,1943-12-26,18.88888889
78482,32907,1943-12-27,17.77777778
78483,32907,1943-12-28,19.44444444
78484,32907,1943-12-29,17.22222222
78485,32907,1943-12-30,16.66666667
78486,32907,1943-12-31,17.77777778
78487,32907,1944-01-01,16.66666667
78488,32907,1944-01-02,16.11111111
78489,32907,1944-01-03,16.11111111
78490,32907,1944-01-04,15.55555556
78491,32907,1944-01-05,15.55555556
78492,32907,1944-01-06,12.22222222
78493,32907,1944-01-07,16.66666667
78494,32907,1944-01-08,16.66666667
78495,32907,1944-01-09,16.66666667
78496,32907,1944-01-10,16.66666667
78497,32907,1944-01-11,16.66666667
78498,32907,1944-01-12,17.77777778
78499,32907,1944-01-13,16.66666667
78500,32907,1944-01-14,17.22222222
78501,32907,1944-01-15,16.66666667
78502,32907,1944-01-16,15.55555556
78503,32907,1944-01-17,16.66666667
78504,32907,1944-01-18,16.11111111
78505,32907,1944-01-19,16.11111111
78506,32907,1944-01-20,16.66666667
78507,32907,1944-01-21,15.55555556
78508,32907,1944-01-22,15.55555556
78509,32907,1944-01-23,16.66666667
78510,32907,1944-01-24,17.77777778
78511,32907,1944-01-25,15.55555556
78512,32907,1944-01-26,17.77777778
78513,32907,1944-01-27,15.55555556
78514,32907,1944-01-28,18.88888889
78515,32907,1944-01-29,17.22222222
78516,32907,1944-01-30,16.11111111
78517,32907,1944-01-31,16.66666667
78518,32907,1944-02-01,16.66666667
78519,32907,1944-02-02,16.11111111
78520,32907,1944-02-03,16.66666667
78521,32907,1944-02-04,15.55555556
78522,32907,1944-02-05,14.44444444
78523,32907,1944-02-06,16.66666667
78524,32907,1944-02-07,16.66666667
78525,32907,1944-02-08,16.66666667
78526,32907,1944-02-09,17.22222222
78527,32907,1944-02-10,17.77777778
78528,32907,1944-02-11,17.77777778
78529,32907,1944-02-12,17.77777778
78530,32907,1944-02-13,16.66666667
78531,32907,1944-02-14,18.33333333
78532,32907,1944-02-15,19.44444444
78533,32907,1944-02-16,18.88888889
78534,32907,1944-02-17,18.33333333
78535,32907,1944-02-18,20.0
78536,32907,1944-02-19,18.88888889
78537,32907,1944-02-20,18.88888889
78538,32907,1944-02-21,17.77777778
78539,32907,1944-02-22,20.0
78540,32907,1944-02-23,20.0
78541,32907,1944-02-24,18.88888889
78542,32907,1944-02-25,20.0
78543,32907,1944-02-26,22.22222222
78544,32907,1944-02-27,20.0
78545,32907,1944-02-28,21.11111111
78546,32907,1944-02-29,22.22222222
78547,32907,1944-03-01,22.77777778
78548,32907,1944-03-02,23.33333333
78549,32907,1944-03-03,23.33333333
78550,32907,1944-03-04,22.22222222
78551,32907,1944-03-05,22.22222222
78552,32907,1944-03-06,22.77777778
78553,32907,1944-03-07,23.33333333
78554,32907,1944-03-08,23.33333333
78555,32907,1944-03-09,23.88888889
78556,32907,1944-03-10,23.33333333
78557,32907,1944-03-11,23.33333333
78558,32907,1944-03-12,23.33333333
78559,32907,1944-03-13,23.33333333
78560,32907,1944-03-14,24.44444444
78561,32907,1944-03-15,24.44444444
78562,32907,1944-03-16,23.33333333
78563,32907,1944-03-17,24.44444444
78564,32907,1944-03-18,22.22222222
78565,32907,1944-03-19,23.33333333
78566,32907,1944-03-20,24.44444444
78567,32907,1944-03-21,24.44444444
78568,32907,1944-03-22,26.11111111
78569,32907,1944-03-23,24.44444444
78570,32907,1944-03-24,22.22222222
78571,32907,1944-03-25,21.11111111
78572,32907,1944-03-26,22.77777778
78573,32907,1944-03-27,23.33333333
78574,32907,1944-03-28,22.22222222
78575,32907,1944-03-29,25.0
78576,32907,1944-03-30,21.11111111
78577,32907,1944-03-31,21.11111111
78578,32907,1944-04-01,22.22222222
78579,32907,1944-04-02,20.55555556
78580,32907,1944-04-03,22.22222222
78581,32907,1944-04-04,22.77777778
78582,32907,1944-04-05,23.33333333
78583,32907,1944-04-06,25.55555556
78584,32907,1944-04-07,23.33333333
78585,32907,1944-04-08,23.33333333
78586,32907,1944-04-09,23.33333333
78587,32907,1944-04-10,22.77777778
78588,32907,1944-04-11,22.77777778
78589,32907,1944-04-12,24.44444444
78590,32907,1944-04-13,22.22222222
78591,32907,1944-04-14,23.33333333
78592,32907,1944-04-15,23.33333333
78593,32907,1944-04-16,21.11111111
78594,32907,1944-04-17,23.33333333
78595,32907,1944-04-18,26.66666667
78596,32907,1944-04-19,24.44444444
78597,32907,1944-04-20,24.44444444
78598,32907,1944-04-21,25.55555556
78599,32907,1944-04-22,26.66666667
78600,32907,1944-04-23,25.55555556
78601,32907,1944-04-24,28.33333333
78602,32907,1944-04-25,28.88888889
78603,32907,1944-04-26,27.77777778
78604,32907,1944-04-27,28.33333333
78605,32907,1944-04-28,26.66666667
78606,32907,1944-04-29,24.44444444
78607,32907,1944-04-30,23.33333333
78608,32907,1944-05-01,25.0
78609,32907,1944-05-02,24.44444444
78610,32907,1944-05-03,25.0
78611,32907,1944-05-04,25.55555556
78612,32907,1944-05-05,26.66666667
78613,32907,1944-05-06,24.44444444
78614,32907,1944-05-07,23.88888889
78615,32907,1944-05-08,23.88888889
78616,32907,1944-05-09,27.22222222
78617,32907,1944-05-10,29.44444444
78618,32907,1944-05-11,26.11111111
78619,32907,1944-05-12,26.11111111
78620,32907,1944-05-13,23.88888889
78621,32907,1944-05-14,24.44444444
78622,32907,1944-05-15,23.88888889
78623,32907,1944-05-16,26.11111111
78624,32907,1944-05-17,27.77777778
78625,32907,1944-05-18,28.88888889
78626,32907,1944-05-19,26.66666667
78627,32907,1944-05-20,26.11111111
78628,32907,1944-05-21,27.77777778
78629,32907,1944-05-22,28.88888889
78630,32907,1944-05-23,27.22222222
78631,32907,1944-05-24,26.11111111
78632,32907,1944-05-25,24.44444444
78633,32907,1944-05-26,23.88888889
78634,32907,1944-05-27,25.0
78635,32907,1944-05-28,27.22222222
78636,32907,1944-05-29,28.33333333
78637,32907,1944-05-30,27.77777778
78638,32907,1944-05-31,28.88888889
78639,32907,1944-06-01,28.88888889
78640,32907,1944-06-02,28.33333333
78641,32907,1944-06-03,28.88888889
78642,32907,1944-06-04,27.22222222
78643,32907,1944-06-05,27.77777778
78644,32907,1944-06-06,28.88888889
78645,32907,1944-06-07,28.33333333
78646,32907,1944-06-08,27.77777778
78647,32907,1944-06-09,27.77777778
78648,32907,1944-06-10,28.33333333
78649,32907,1944-06-11,28.88888889
78650,32907,1944-06-12,28.33333333
78651,32907,1944-06-13,27.77777778
78652,32907,1944-06-14,30.0
78653,32907,1944-06-15,28.33333333
78654,32907,1944-06-16,27.77777778
78655,32907,1944-06-17,26.11111111
78656,32907,1944-06-18,25.0
78657,32907,1944-06-19,26.66666667
78658,32907,1944-06-20,28.88888889
78659,32907,1944-06-21,28.88888889
78660,32907,1944-06-22,28.33333333
78661,32907,1944-06-23,28.88888889
78662,32907,1944-06-24,28.88888889
78663,32907,1944-06-25,28.88888889
78664,32907,1944-06-26,28.88888889
78665,32907,1944-06-27,27.77777778
78666,32907,1944-06-28,26.66666667
78667,32907,1944-06-29,27.77777778
78668,32907,1944-06-30,27.77777778
78669,32907,1944-07-01,27.77777778
78670,32907,1944-07-02,27.77777778
78671,32907,1944-07-03,27.77777778
78672,32907,1944-07-04,28.88888889
78673,32907,1944-07-05,27.22222222
78674,32907,1944-07-06,28.88888889
78675,32907,1944-07-07,28.88888889
78676,32907,1944-07-08,28.88888889
78677,32907,1944-07-09,28.33333333
78678,32907,1944-07-10,28.88888889
78679,32907,1944-07-11,30.55555556
78680,32907,1944-07-12,30.55555556
78681,32907,1944-07-13,30.0
78682,32907,1944-07-14,28.33333333
78683,32907,1944-07-15,31.11111111
78684,32907,1944-07-16,29.44444444
78685,32907,1944-07-17,28.88888889
78686,32907,1944-07-18,28.88888889
78687,32907,1944-07-19,27.77777778
78688,32907,1944-07-20,27.77777778
78689,32907,1944-07-21,28.33333333
78690,32907,1944-07-22,27.77777778
78691,32907,1944-07-23,30.0
78692,32907,1944-07-24,31.11111111
78693,32907,1944-07-25,31.11111111
78694,32907,1944-07-26,30.0
78695,32907,1944-07-27,28.88888889
78696,32907,1944-07-28,28.33333333
78697,32907,1944-07-29,30.55555556
78698,32907,1944-07-30,30.55555556
78699,32907,1944-07-31,29.44444444
78700,32907,1944-08-01,28.88888889
78701,32907,1944-08-02,28.88888889
78702,32907,1944-08-03,28.88888889
78703,32907,1944-08-04,30.55555556
78704,32907,1944-08-05,30.0
78705,32907,1944-08-06,30.0
78706,32907,1944-08-07,30.55555556
78707,32907,1944-08-08,30.0
78708,32907,1944-08-09,27.77777778
78709,32907,1944-08-10,27.77777778
78710,32907,1944-08-11,27.77777778
78711,32907,1944-08-12,27.22222222
78712,32907,1944-08-13,28.88888889
78713,32907,1944-08-14,29.44444444
78714,32907,1944-08-15,30.0
78715,32907,1944-08-16,29.44444444
78716,32907,1944-08-17,30.55555556
78717,32907,1944-08-18,31.11111111
78718,32907,1944-08-19,30.55555556
78719,32907,1944-08-20,30.55555556
78720,32907,1944-08-21,26.66666667
78721,32907,1944-08-22,27.22222222
78722,32907,1944-08-23,30.0
78723,32907,1944-08-24,31.11111111
78724,32907,1944-08-25,28.88888889
78725,32907,1944-08-26,26.66666667
78726,32907,1944-08-27,28.88888889
78727,32907,1944-08-28,27.77777778
78728,32907,1944-08-29,26.11111111
78729,32907,1944-08-30,27.77777778
78730,32907,1944-08-31,27.77777778
78731,32907,1944-09-01,25.55555556
78732,32907,1944-09-02,27.22222222
78733,32907,1944-09-03,26.66666667
78734,32907,1944-09-04,27.22222222
78735,32907,1944-09-05,27.77777778
78736,32907,1944-09-06,27.77777778
78737,32907,1944-09-07,27.77777778
78738,32907,1944-09-08,26.66666667
78739,32907,1944-09-09,26.66666667
78740,32907,1944-09-10,27.77777778
78741,32907,1944-09-11,27.77777778
78742,32907,1944-09-12,27.77777778
78743,32907,1944-09-13,26.66666667
78744,32907,1944-09-14,27.77777778
78745,32907,1944-09-15,27.77777778
78746,32907,1944-09-16,27.77777778
78747,32907,1944-09-17,26.66666667
78748,32907,1944-09-18,26.66666667
78749,32907,1944-09-19,26.66666667
78750,32907,1944-09-20,27.77777778
78751,32907,1944-09-21,26.66666667
78752,32907,1944-09-22,25.55555556
78753,32907,1944-09-23,26.66666667
78754,32907,1944-09-24,27.77777778
78755,32907,1944-09-25,27.77777778
78756,32907,1944-09-26,26.66666667
78757,32907,1944-09-27,25.55555556
78758,32907,1944-09-28,27.22222222
78759,32907,1944-09-29,27.77777778
78760,32907,1944-09-30,27.77777778
78761,32907,1944-10-01,28.88888889
78762,32907,1944-10-02,29.44444444
78763,32907,1944-10-03,30.0
78764,32907,1944-10-04,26.11111111
78765,32907,1944-10-05,26.66666667
78766,32907,1944-10-06,27.77777778
78767,32907,1944-10-07,26.66666667
78768,32907,1944-10-08,27.77777778
78769,32907,1944-10-09,27.77777778
78770,32907,1944-10-10,26.66666667
78771,32907,1944-10-11,26.66666667
78772,32907,1944-10-12,26.66666667
78773,32907,1944-10-13,25.55555556
78774,32907,1944-10-14,25.55555556
78775,32907,1944-10-15,24.44444444
78776,32907,1944-10-16,24.44444444
78777,32907,1944-10-17,25.55555556
78778,32907,1944-10-18,24.44444444
78779,32907,1944-10-19,25.0
78780,32907,1944-10-20,25.0
78781,32907,1944-10-21,25.55555556
78782,32907,1944-10-22,25.55555556
78783,32907,1944-10-23,25.55555556
78784,32907,1944-10-24,25.55555556
78785,32907,1944-10-25,24.44444444
78786,32907,1944-10-26,24.44444444
78787,32907,1944-10-27,24.44444444
78788,32907,1944-10-28,25.55555556
78789,32907,1944-10-29,23.88888889
78790,32907,1944-10-30,23.88888889
78791,32907,1944-10-31,23.33333333
78792,32907,1944-11-01,21.11111111
78793,32907,1944-11-02,22.77777778
78794,32907,1944-11-03,23.33333333
78795,32907,1944-11-04,23.33333333
78796,32907,1944-11-05,22.22222222
78797,32907,1944-11-06,22.22222222
78798,32907,1944-11-07,22.22222222
78799,32907,1944-11-08,21.66666667
78800,32907,1944-11-09,22.22222222
78801,32907,1944-11-10,21.11111111
78802,32907,1944-11-11,22.22222222
78803,32907,1944-11-12,22.22222222
78804,32907,1944-11-13,22.77777778
78805,32907,1944-11-14,21.11111111
78806,32907,1944-11-15,23.33333333
78807,32907,1944-11-16,21.66666667
78808,32907,1944-11-17,21.11111111
78809,32907,1944-11-18,21.11111111
78810,32907,1944-11-19,21.11111111
78811,32907,1944-11-20,21.11111111
78812,32907,1944-11-21,20.55555556
78813,32907,1944-11-22,20.0
78814,32907,1944-11-23,20.0
78815,32907,1944-11-24,20.0
78816,32907,1944-11-25,20.0
78817,32907,1944-11-26,20.0
78818,32907,1944-11-27,18.88888889
78819,32907,1944-11-28,18.88888889
78820,32907,1944-11-29,21.11111111
78821,32907,1944-11-30,19.44444444
78822,32907,1944-12-02,20.0
78823,32907,1944-12-03,20.0
78824,32907,1944-12-04,20.0
78825,32907,1944-12-05,19.44444444
78826,32907,1944-12-06,20.0
78827,32907,1944-12-07,20.0
78828,32907,1944-12-08,18.88888889
78829,32907,1944-12-09,20.0
78830,32907,1944-12-10,20.0
78831,32907,1944-12-11,18.88888889
78832,32907,1944-12-12,20.0
78833,32907,1944-12-13,20.0
78834,32907,1944-12-14,18.88888889
78835,32907,1944-12-15,18.88888889
78836,32907,1944-12-16,18.33333333
78837,32907,1944-12-17,17.77777778
78838,32907,1944-12-18,17.77777778
78839,32907,1944-12-19,17.77777778
78840,32907,1944-12-20,17.77777778
78841,32907,1944-12-21,16.66666667
78842,32907,1944-12-22,17.77777778
78843,32907,1944-12-23,16.66666667
78844,32907,1944-12-24,18.88888889
78845,32907,1944-12-25,18.88888889
78846,32907,1944-12-26,18.33333333
78847,32907,1944-12-27,16.66666667
78848,32907,1944-12-28,16.66666667
78849,32907,1944-12-29,17.77777778
78850,32907,1944-12-30,18.33333333
78851,32907,1944-12-31,18.88888889
78852,32907,1945-01-01,18.88888889
78853,32907,1945-01-02,18.88888889
78854,32907,1945-01-03,16.66666667
78855,32907,1945-01-04,16.66666667
78856,32907,1945-01-05,17.22222222
78857,32907,1945-01-06,15.0
78858,32907,1945-01-07,14.44444444
78859,32907,1945-01-08,12.22222222
78860,32907,1945-01-09,13.88888889
78861,32907,1945-01-10,15.0
78862,32907,1945-01-11,15.55555556
78863,32907,1945-01-12,17.77777778
78864,32907,1945-01-13,16.66666667
78865,32907,1945-01-14,16.66666667
78866,32907,1945-01-15,16.66666667
78867,32907,1945-01-16,16.66666667
78868,32907,1945-01-17,16.66666667
78869,32907,1945-01-18,17.22222222
78870,32907,1945-01-19,18.88888889
78871,32907,1945-01-20,18.88888889
78872,32907,1945-01-21,18.88888889
78873,32907,1945-01-22,18.88888889
78874,32907,1945-01-23,17.22222222
78875,32907,1945-01-24,17.77777778
78876,32907,1945-01-25,18.33333333
78877,32907,1945-01-26,17.22222222
78878,32907,1945-01-27,16.11111111
78879,32907,1945-01-28,18.33333333
78880,32907,1945-01-29,17.22222222
78881,32907,1945-01-30,17.22222222
78882,32907,1945-01-31,17.22222222
78883,32907,1945-02-01,17.22222222
78884,32907,1945-02-02,16.66666667
78885,32907,1945-02-03,15.55555556
78886,32907,1945-02-04,16.11111111
78887,32907,1945-02-05,16.66666667
78888,32907,1945-02-06,17.22222222
78889,32907,1945-02-07,16.66666667
78890,32907,1945-02-08,17.77777778
78891,32907,1945-02-09,20.0
78892,32907,1945-02-10,15.55555556
78893,32907,1945-02-11,17.22222222
78894,32907,1945-02-12,15.55555556
78895,32907,1945-02-13,16.66666667
78896,32907,1945-02-14,17.22222222
78897,32907,1945-02-15,15.55555556
78898,32907,1945-02-16,15.55555556
78899,32907,1945-02-17,15.0
78900,32907,1945-02-18,17.22222222
78901,32907,1945-02-19,17.77777778
78902,32907,1945-02-20,18.88888889
78903,32907,1945-02-21,18.88888889
78904,32907,1945-02-22,18.88888889
78905,32907,1945-02-23,17.77777778
78906,32907,1945-02-24,18.88888889
78907,32907,1945-02-25,16.66666667
78908,32907,1945-02-26,18.88888889
78909,32907,1945-02-27,19.44444444
78910,32907,1945-02-28,16.66666667
78911,32907,1945-03-01,20.0
78912,32907,1945-03-02,20.0
78913,32907,1945-03-03,22.77777778
78914,32907,1945-03-04,23.33333333
78915,32907,1945-03-05,23.88888889
78916,32907,1945-03-06,21.66666667
78917,32907,1945-03-07,22.22222222
78918,32907,1945-03-08,22.22222222
78919,32907,1945-03-09,22.77777778
78920,32907,1945-03-10,22.22222222
78921,32907,1945-03-11,22.22222222
78922,32907,1945-03-12,21.11111111
78923,32907,1945-03-13,22.22222222
78924,32907,1945-03-14,22.22222222
78925,32907,1945-03-15,22.22222222
78926,32907,1945-03-16,23.33333333
78927,32907,1945-03-17,26.11111111
78928,32907,1945-03-18,20.55555556
78929,32907,1945-03-19,12.22222222
78930,32907,1945-03-20,21.66666667
78931,32907,1945-03-21,24.44444444
78932,32907,1945-03-22,24.44444444
78933,32907,1945-03-23,23.33333333
78934,32907,1945-03-24,23.33333333
78935,32907,1945-03-25,22.22222222
78936,32907,1945-03-26,23.33333333
78937,32907,1945-03-27,24.44444444
78938,32907,1945-03-28,25.55555556
78939,32907,1945-03-29,25.55555556
78940,32907,1945-03-30,27.77777778
78941,32907,1945-03-31,26.66666667
78942,32907,1945-04-01,28.33333333
78943,32907,1945-04-02,28.88888889
78944,32907,1945-04-03,30.55555556
78945,32907,1945-04-04,28.88888889
78946,32907,1945-04-05,28.88888889
78947,32907,1945-04-06,27.22222222
78948,32907,1945-04-07,25.55555556
78949,32907,1945-04-08,25.55555556
78950,32907,1945-04-09,26.66666667
78951,32907,1945-04-10,26.66666667
78952,32907,1945-04-11,25.55555556
78953,32907,1945-04-12,26.66666667
78954,32907,1945-04-13,24.44444444
78955,32907,1945-04-14,25.55555556
78956,32907,1945-04-15,25.55555556
78957,32907,1945-04-16,25.55555556
78958,32907,1945-04-17,24.44444444
78959,32907,1945-04-18,26.66666667
78960,32907,1945-04-19,27.22222222
78961,32907,1945-04-20,27.77777778
78962,32907,1945-04-21,21.11111111
78963,32907,1945-04-22,23.33333333
78964,32907,1945-04-23,26.11111111
78965,32907,1945-04-24,26.66666667
78966,32907,1945-04-25,26.11111111
78967,32907,1945-04-26,27.22222222
78968,32907,1945-04-27,25.55555556
78969,32907,1945-04-28,25.55555556
78970,32907,1945-04-29,26.66666667
78971,32907,1945-04-30,23.88888889
78972,32907,1945-05-01,26.66666667
78973,32907,1945-05-02,27.77777778
78974,32907,1945-05-03,25.0
78975,32907,1945-05-04,24.44444444
78976,32907,1945-05-05,24.44444444
78977,32907,1945-05-06,26.66666667
78978,32907,1945-05-07,25.55555556
78979,32907,1945-05-08,24.44444444
78980,32907,1945-05-09,25.0
78981,32907,1945-05-10,27.22222222
78982,32907,1945-05-11,25.55555556
78983,32907,1945-05-12,24.44444444
78984,32907,1945-05-13,26.66666667
78985,32907,1945-05-14,25.55555556
78986,32907,1945-05-15,22.22222222
78987,32907,1945-05-16,25.0
78988,32907,1945-05-17,26.66666667
78989,32907,1945-05-18,27.22222222
78990,32907,1945-05-19,27.77777778
78991,32907,1945-05-20,27.77777778
78992,32907,1945-05-21,26.11111111
78993,32907,1945-05-22,27.77777778
78994,32907,1945-05-23,26.66666667
78995,32907,1945-05-24,26.66666667
78996,32907,1945-05-25,23.88888889
78997,32907,1945-05-26,24.44444444
78998,32907,1945-05-27,23.33333333
78999,32907,1945-05-28,25.55555556
79000,32907,1945-05-29,24.44444444
79001,32907,1945-05-30,25.55555556
79002,32907,1945-05-31,26.66666667
